,participant_id,participant_number,sex,type,stress,intuition,influence,pre_behavior,post_behavior,days,total,youtube,percentage,stage
0,MP_1,1,Male,Metaphorical,6,4,4,1,2,0,14664,2640.0,18.00327332242230,0
1,MP_1,1,Male,Metaphorical,6,4,4,1,2,1,17221,1615.0,9.378084896347480,0
2,MP_1,1,Male,Metaphorical,6,4,4,1,2,2,17301,1831.0,10.583203283047200,0
3,MP_1,1,Male,Metaphorical,6,4,4,1,2,3,17415,1362.0,7.8208440999138700,0
4,MP_1,1,Male,Metaphorical,6,4,4,1,2,4,11753,2441.0,20.769165319492900,0
5,MP_1,1,Male,Metaphorical,6,4,4,1,2,5,17872,0.0,0.0,1
6,MP_1,1,Male,Metaphorical,6,4,4,1,2,6,17221,579.0,3.362174089774110,1
7,MP_1,1,Male,Metaphorical,6,4,4,1,2,7,17301,139.0,0.8034217675278890,1
8,MP_1,1,Male,Metaphorical,6,4,4,1,2,8,17415,686.0,3.939132931380990,1
9,MP_1,1,Male,Metaphorical,6,4,4,1,2,9,16401,792.0,4.82897384305835,1
10,MP_1,1,Male,Metaphorical,6,4,4,1,2,10,9850,402.0,4.081218274111680,1
11,MP_1,1,Male,Metaphorical,6,4,4,1,2,11,13006,1453.0,11.17176687682610,1
12,MP_1,1,Male,Metaphorical,6,4,4,1,2,12,8516,696.0,8.172851103804600,1
13,MP_1,1,Male,Metaphorical,6,4,4,1,2,13,19474,1733.0,8.899044880353290,1
14,MP_1,1,Male,Metaphorical,6,4,4,1,2,14,13416,500.0,3.7268932617769800,1
15,MP_1,1,Male,Metaphorical,6,4,4,1,2,15,15441,30.0,0.19428793471925400,2
16,MP_1,1,Male,Metaphorical,6,4,4,1,2,16,4942,107.0,2.165115337919870,2
17,MP_1,1,Male,Metaphorical,6,4,4,1,2,17,18653,709.0,3.800997158634,2
18,MP_1,1,Male,Metaphorical,6,4,4,1,2,18,15979,1079.0,6.752612804305650,2
19,MP_1,1,Male,Metaphorical,6,4,4,1,2,19,22365,864.0,3.86317907444668,2
20,SP_1,2,Male,Simile,1,4,2,3,3,0,9193,331.0,3.6005656477754800,0
21,SP_1,2,Male,Simile,1,4,2,3,3,1,11736,506.0,4.311520109066120,0
22,SP_1,2,Male,Simile,1,4,2,3,3,2,7002,407.0,5.812624964295920,0
23,SP_1,2,Male,Simile,1,4,2,3,3,3,16762,20.0,0.11931750387781900,0
24,SP_1,2,Male,Simile,1,4,2,3,3,4,38534,49.0,0.12716042975035000,0
25,SP_1,2,Male,Simile,1,4,2,3,3,5,16711,17.0,0.10172939979654100,1
26,SP_1,2,Male,Simile,1,4,2,3,3,6,22623,0.0,0.0,1
27,SP_1,2,Male,Simile,1,4,2,3,3,7,24791,272.0,1.0971723609374400,1
28,SP_1,2,Male,Simile,1,4,2,3,3,8,18305,0.0,0.0,1
29,SP_1,2,Male,Simile,1,4,2,3,3,9,32014,311.0,0.9714499906291000,1
30,SP_1,2,Male,Simile,1,4,2,3,3,10,18712,103.0,0.5504489097905090,1
31,SP_1,2,Male,Simile,1,4,2,3,3,11,,,,1
32,SP_1,2,Male,Simile,1,4,2,3,3,12,21821,0.0,0.0,1
33,SP_1,2,Male,Simile,1,4,2,3,3,13,6715,0.0,0.0,1
34,SP_1,2,Male,Simile,1,4,2,3,3,14,17576,331.0,1.8832498862084700,1
35,SP_1,2,Male,Simile,1,4,2,3,3,15,,,,2
36,SP_1,2,Male,Simile,1,4,2,3,3,16,25268,506.0,2.0025328478708200,2
37,SP_1,2,Male,Simile,1,4,2,3,3,17,18727,407.0,2.173332621348860,2
38,SP_1,2,Male,Simile,1,4,2,3,3,18,22184,108.0,0.48683736025964700,2
39,SP_1,2,Male,Simile,1,4,2,3,3,19,28641,369.0,1.2883628364931400,2
40,MP_2,3,Female,Metaphorical,3,4,4,5,5,0,12560,697.0,5.549363057324840,0
41,MP_2,3,Female,Metaphorical,3,4,4,5,5,1,7712,205.0,2.658195020746890,0
42,MP_2,3,Female,Metaphorical,3,4,4,5,5,2,18763,791.0,4.215743750999310,0
43,MP_2,3,Female,Metaphorical,3,4,4,5,5,3,18945,982.0,5.183425705991030,0
44,MP_2,3,Female,Metaphorical,3,4,4,5,5,4,19846,3222.0,16.235009573717600,0
45,MP_2,3,Female,Metaphorical,3,4,4,5,5,5,21873,545.0,2.491656380011890,1
46,MP_2,3,Female,Metaphorical,3,4,4,5,5,6,15101,548.0,3.628898748427260,1
47,MP_2,3,Female,Metaphorical,3,4,4,5,5,7,34211,1984.0,5.799304317324840,1
48,MP_2,3,Female,Metaphorical,3,4,4,5,5,8,11083,1016.0,9.167192998285660,1
49,MP_2,3,Female,Metaphorical,3,4,4,5,5,9,15013,1199.0,7.9864117764604,1
50,MP_2,3,Female,Metaphorical,3,4,4,5,5,10,31508,2094.0,6.645931192078200,1
51,MP_2,3,Female,Metaphorical,3,4,4,5,5,11,22793,3433.0,15.061641732110700,1
52,MP_2,3,Female,Metaphorical,3,4,4,5,5,12,18100,61.0,0.3370165745856350,1
53,MP_2,3,Female,Metaphorical,3,4,4,5,5,13,17836,1097.0,6.150482170890330,1
54,MP_2,3,Female,Metaphorical,3,4,4,5,5,14,28165,2514.0,8.925971951003020,1
55,MP_2,3,Female,Metaphorical,3,4,4,5,5,15,40820,169.0,0.4140127388535030,2
56,MP_2,3,Female,Metaphorical,3,4,4,5,5,16,20601,5114.0,24.824037668074400,2
57,MP_2,3,Female,Metaphorical,3,4,4,5,5,17,28013,197.0,0.7032449220005000,2
58,MP_2,3,Female,Metaphorical,3,4,4,5,5,18,17910,0.0,0.0,2
59,MP_2,3,Female,Metaphorical,3,4,4,5,5,19,43208,655.0,1.5159229772264400,2
60,SP_2,4,Male,Simile,3,5,4,5,5,0,32544,5085.0,15.625,0
61,SP_2,4,Male,Simile,3,5,4,5,5,1,29922,2081.0,6.954749014103340,0
62,SP_2,4,Male,Simile,3,5,4,5,5,2,22980,7724.0,33.6118363794604,0
63,SP_2,4,Male,Simile,3,5,4,5,5,3,29399,2006.0,6.823361338821050,0
64,SP_2,4,Male,Simile,3,5,4,5,5,4,7883,1060.0,13.446657363947700,0
65,SP_2,4,Male,Simile,3,5,4,5,5,5,15502,1277.0,8.237646755257390,1
66,SP_2,4,Male,Simile,3,5,4,5,5,6,30467,2535.0,8.320477894114940,1
67,SP_2,4,Male,Simile,3,5,4,5,5,7,22152,4950.0,22.345612134344500,1
68,SP_2,4,Male,Simile,3,5,4,5,5,8,24824,2238.0,9.015468901063490,1
69,SP_2,4,Male,Simile,3,5,4,5,5,9,20302,2251.0,11.087577578563700,1
70,SP_2,4,Male,Simile,3,5,4,5,5,10,27199,10692.0,39.31026875988090,1
71,SP_2,4,Male,Simile,3,5,4,5,5,11,29988,9411.0,31.38255302120850,1
72,SP_2,4,Male,Simile,3,5,4,5,5,12,22662,8123.0,35.84414438266700,1
73,SP_2,4,Male,Simile,3,5,4,5,5,13,29543,10446.0,35.3586297938598,1
74,SP_2,4,Male,Simile,3,5,4,5,5,14,28685,9022.0,31.451978385916000,1
75,SP_2,4,Male,Simile,3,5,4,5,5,15,31557,4187.0,13.268054631302100,2
76,SP_2,4,Male,Simile,3,5,4,5,5,16,29839,2144.0,7.185227386976780,2
77,SP_2,4,Male,Simile,3,5,4,5,5,17,12659,1664.0,13.144798167311800,2
78,SP_2,4,Male,Simile,3,5,4,5,5,18,21290,119.0,0.5589478628464070,2
79,SP_2,4,Male,Simile,3,5,4,5,5,19,19015,1506.0,7.920063108072570,2
80,MP_3,5,Female,Metaphorical,3,4,3,1,2,0,916,400.0,43.66812227074240,0
81,MP_3,5,Female,Metaphorical,3,4,3,1,2,1,31760,5608.0,17.65743073047860,0
82,MP_3,5,Female,Metaphorical,3,4,3,1,2,2,34753,42.0,0.1208528760107040,0
83,MP_3,5,Female,Metaphorical,3,4,3,1,2,3,24747,161.0,0.6505839091607060,0
84,MP_3,5,Female,Metaphorical,3,4,3,1,2,4,16124,0.0,0.0,0
85,MP_3,5,Female,Metaphorical,3,4,3,1,2,5,5898,0.0,0.0,1
86,MP_3,5,Female,Metaphorical,3,4,3,1,2,6,9779,440.0,4.499437570303710,1
87,MP_3,5,Female,Metaphorical,3,4,3,1,2,7,31844,8.0,0.025122472051249800,1
88,MP_3,5,Female,Metaphorical,3,4,3,1,2,8,13453,374.0,2.7800490596892900,1
89,MP_3,5,Female,Metaphorical,3,4,3,1,2,9,22533,205.0,0.9097767718457370,1
90,MP_3,5,Female,Metaphorical,3,4,3,1,2,10,22533,,,1
91,MP_3,5,Female,Metaphorical,3,4,3,1,2,11,26386,272.0,1.0308496930190300,1
92,MP_3,5,Female,Metaphorical,3,4,3,1,2,12,26386,,,1
93,MP_3,5,Female,Metaphorical,3,4,3,1,2,13,22636,194.0,0.8570418801908470,1
94,MP_3,5,Female,Metaphorical,3,4,3,1,2,14,26282,0.0,0.0,1
95,MP_3,5,Female,Metaphorical,3,4,3,1,2,15,22410,0.0,0.0,2
96,MP_3,5,Female,Metaphorical,3,4,3,1,2,16,9977,0.0,0.0,2
97,MP_3,5,Female,Metaphorical,3,4,3,1,2,17,38221,442.0,1.1564323277779200,2
98,MP_3,5,Female,Metaphorical,3,4,3,1,2,18,42935,0.0,0.0,2
99,MP_3,5,Female,Metaphorical,3,4,3,1,2,19,22262,1132.0,5.084898032521790,2
100,SP_3,6,Female,Simile,1,4,2,5,6,0,6792,0.0,0.0,0
101,SP_3,6,Female,Simile,1,4,2,5,6,1,,,,0
102,SP_3,6,Female,Simile,1,4,2,5,6,2,1188,82.0,6.902356902356900,0
103,SP_3,6,Female,Simile,1,4,2,5,6,3,28786,435.0,1.5111512540818500,0
104,SP_3,6,Female,Simile,1,4,2,5,6,4,10483,5260.0,50.17647619956120,0
105,SP_3,6,Female,Simile,1,4,2,5,6,5,28786,0.0,0.0,1
106,SP_3,6,Female,Simile,1,4,2,5,6,6,26500,4.0,0.01509433962264150,1
107,SP_3,6,Female,Simile,1,4,2,5,6,7,11019,0.0,0.0,1
108,SP_3,6,Female,Simile,1,4,2,5,6,8,15782,0.0,0.0,1
109,SP_3,6,Female,Simile,1,4,2,5,6,9,11386,0.0,0.0,1
110,SP_3,6,Female,Simile,1,4,2,5,6,10,31326,0.0,0.0,1
111,SP_3,6,Female,Simile,1,4,2,5,6,11,19514,0.0,0.0,1
112,SP_3,6,Female,Simile,1,4,2,5,6,12,10677,8389.0,78.57075957666010,1
113,SP_3,6,Female,Simile,1,4,2,5,6,13,18248,0.0,0.0,1
114,SP_3,6,Female,Simile,1,4,2,5,6,14,30373,4484.0,14.763111974451000,1
115,SP_3,6,Female,Simile,1,4,2,5,6,15,23474,0.0,0.0,2
116,SP_3,6,Female,Simile,1,4,2,5,6,16,14656,0.0,0.0,2
117,SP_3,6,Female,Simile,1,4,2,5,6,17,10124,0.0,0.0,2
118,SP_3,6,Female,Simile,1,4,2,5,6,18,10439,0.0,0.0,2
119,SP_3,6,Female,Simile,1,4,2,5,6,19,8331,0.0,0.0,2
120,SP_4,7,Male,Simile,2,2,1,1,1,0,7647,2324.0,30.391003007715400,0
121,SP_4,7,Male,Simile,2,2,1,1,1,1,15795,166.0,1.0509654954099400,0
122,SP_4,7,Male,Simile,2,2,1,1,1,2,23195,1911.0,8.238844578572970,0
123,SP_4,7,Male,Simile,2,2,1,1,1,3,1338,0.0,0.0,0
124,SP_4,7,Male,Simile,2,2,1,1,1,4,18035,0.0,0.0,0
125,SP_4,7,Male,Simile,2,2,1,1,1,5,8321,5.0,0.06008893161879580,1
126,SP_4,7,Male,Simile,2,2,1,1,1,6,13257,4025.0,30.36131854869130,1
127,SP_4,7,Male,Simile,2,2,1,1,1,7,4551,1253.0,27.532410459239700,1
128,SP_4,7,Male,Simile,2,2,1,1,1,8,6742,0.0,0.0,1
129,SP_4,7,Male,Simile,2,2,1,1,1,9,13481,0.0,0.0,1
130,SP_4,7,Male,Simile,2,2,1,1,1,10,13733,2877.0,20.94953761013620,1
131,SP_4,7,Male,Simile,2,2,1,1,1,11,10714,4.0,0.037334328915437700,1
132,SP_4,7,Male,Simile,2,2,1,1,1,12,8128,65.0,0.7997047244094490,1
133,SP_4,7,Male,Simile,2,2,1,1,1,13,3018,22.0,0.7289595758780650,1
134,SP_4,7,Male,Simile,2,2,1,1,1,14,12151,426.0,3.505884289358900,1
135,SP_4,7,Male,Simile,2,2,1,1,1,15,8347,527.0,6.313645621181260,2
136,SP_4,7,Male,Simile,2,2,1,1,1,16,18595,432.0,2.3232051626781400,2
137,SP_4,7,Male,Simile,2,2,1,1,1,17,8127,1265.0,15.565399286329500,2
138,SP_4,7,Male,Simile,2,2,1,1,1,18,8196,637.0,7.772083943387020,2
139,SP_4,7,Male,Simile,2,2,1,1,1,19,16536,0.0,0.0,2
140,MP_4,9,Male,Metaphorical,4,4,2,1,2,0,9898,1458.0,14.730248535057600,0
141,MP_4,9,Male,Metaphorical,4,4,2,1,2,1,,,,0
142,MP_4,9,Male,Metaphorical,4,4,2,1,2,2,10487,1202.0,11.461809859826500,0
143,MP_4,9,Male,Metaphorical,4,4,2,1,2,3,15057,3173.0,21.073254964468400,0
144,MP_4,9,Male,Metaphorical,4,4,2,1,2,4,13208,180.0,1.362810417928530,0
145,MP_4,9,Male,Metaphorical,4,4,2,1,2,5,23836,1691.0,7.094311126027860,1
146,MP_4,9,Male,Metaphorical,4,4,2,1,2,6,8908,0.0,0.0,1
147,MP_4,9,Male,Metaphorical,4,4,2,1,2,7,23027,2499.0,10.852477526382100,1
148,MP_4,9,Male,Metaphorical,4,4,2,1,2,8,29583,215.0,0.7267687523239700,1
149,MP_4,9,Male,Metaphorical,4,4,2,1,2,9,24350,3787.0,15.552361396303900,1
150,MP_4,9,Male,Metaphorical,4,4,2,1,2,10,30238,4888.0,16.165090283748900,1
151,MP_4,9,Male,Metaphorical,4,4,2,1,2,11,7956,1750.0,21.99597787833080,1
152,MP_4,9,Male,Metaphorical,4,4,2,1,2,12,36599,4721.0,12.899259542610500,1
153,MP_4,9,Male,Metaphorical,4,4,2,1,2,13,8664,1327.0,15.316251154201300,1
154,MP_4,9,Male,Metaphorical,4,4,2,1,2,14,8895,3139.0,35.28948847667230,1
155,MP_4,9,Male,Metaphorical,4,4,2,1,2,15,,,,2
156,MP_4,9,Male,Metaphorical,4,4,2,1,2,16,22535,5742.0,25.48036387841140,2
157,MP_4,9,Male,Metaphorical,4,4,2,1,2,17,16288,7014.0,43.062377210216100,2
158,MP_4,9,Male,Metaphorical,4,4,2,1,2,18,38,2.0,5.263157894736840,2
159,MP_4,9,Male,Metaphorical,4,4,2,1,2,19,,,,2
160,MP_5,10,Female,Metaphorical,2,2,2,1,3,0,22411,30.0,0.13386283521485000,0
161,MP_5,10,Female,Metaphorical,2,2,2,1,3,1,1896,0.0,0.0,0
162,MP_5,10,Female,Metaphorical,2,2,2,1,3,2,21724,1574.0,7.245442828208430,0
163,MP_5,10,Female,Metaphorical,2,2,2,1,3,3,21724,,,0
164,MP_5,10,Female,Metaphorical,2,2,2,1,3,4,24043,5047.0,20.99155679407730,0
165,MP_5,10,Female,Metaphorical,2,2,2,1,3,5,16715,381.0,2.279389769667960,1
166,MP_5,10,Female,Metaphorical,2,2,2,1,3,6,20692,1877.0,9.071138604291510,1
167,MP_5,10,Female,Metaphorical,2,2,2,1,3,7,1718,0.0,0.0,1
168,MP_5,10,Female,Metaphorical,2,2,2,1,3,8,,,,1
169,MP_5,10,Female,Metaphorical,2,2,2,1,3,9,6157,0.0,0.0,1
170,MP_5,10,Female,Metaphorical,2,2,2,1,3,10,11712,610.0,5.208333333333330,1
171,MP_5,10,Female,Metaphorical,2,2,2,1,3,11,31640,605.0,1.9121365360303400,1
172,MP_5,10,Female,Metaphorical,2,2,2,1,3,12,25206,0.0,0.0,1
173,MP_5,10,Female,Metaphorical,2,2,2,1,3,13,,,,1
174,MP_5,10,Female,Metaphorical,2,2,2,1,3,14,26379,2024.0,7.672770006444520,1
175,MP_5,10,Female,Metaphorical,2,2,2,1,3,15,22232,722.0,3.247571068729760,2
176,MP_5,10,Female,Metaphorical,2,2,2,1,3,16,36366,0.0,0.0,2
177,MP_5,10,Female,Metaphorical,2,2,2,1,3,17,19750,5556.0,28.13164556962030,2
178,MP_5,10,Female,Metaphorical,2,2,2,1,3,18,,,,2
179,MP_5,10,Female,Metaphorical,2,2,2,1,3,19,23670,0.0,0.0,2
180,MP_6,12,Male,Metaphorical,5,2,4,1,3,0,37865,687.0,1.8143404199128500,0
181,MP_6,12,Male,Metaphorical,5,2,4,1,3,1,34990,17.0,0.04858531008859670,0
182,MP_6,12,Male,Metaphorical,5,2,4,1,3,2,17952,1067.0,5.943627450980390,0
183,MP_6,12,Male,Metaphorical,5,2,4,1,3,3,26310,2172.0,8.255416191562140,0
184,MP_6,12,Male,Metaphorical,5,2,4,1,3,4,19849,2633.0,13.265151896821000,0
185,MP_6,12,Male,Metaphorical,5,2,4,1,3,5,33338,124.0,0.37194792729017900,1
186,MP_6,12,Male,Metaphorical,5,2,4,1,3,6,25943,0.0,0.0,1
187,MP_6,12,Male,Metaphorical,5,2,4,1,3,7,15798,641.0,4.05747562982656,1
188,MP_6,12,Male,Metaphorical,5,2,4,1,3,8,2863,0.0,0.0,1
189,MP_6,12,Male,Metaphorical,5,2,4,1,3,9,,,,1
190,MP_6,12,Male,Metaphorical,5,2,4,1,3,10,,,,1
191,MP_6,12,Male,Metaphorical,5,2,4,1,3,11,3591,0.0,0.0,1
192,MP_6,12,Male,Metaphorical,5,2,4,1,3,12,25606,875.0,3.417167851284860,1
193,MP_6,12,Male,Metaphorical,5,2,4,1,3,13,14819,0.0,0.0,1
194,MP_6,12,Male,Metaphorical,5,2,4,1,3,14,5516,5471.0,99.18419144307470,1
195,MP_6,12,Male,Metaphorical,5,2,4,1,3,15,,,,2
196,MP_6,12,Male,Metaphorical,5,2,4,1,3,16,,,,2
197,MP_6,12,Male,Metaphorical,5,2,4,1,3,17,2618,0.0,0.0,2
198,MP_6,12,Male,Metaphorical,5,2,4,1,3,18,12379,0.0,0.0,2
199,MP_6,12,Male,Metaphorical,5,2,4,1,3,19,,,,2
200,MP_7,13,Female,Metaphorical,3,3,4,1,2,0,21114,7172.0,33.96798332859710,0
201,MP_7,13,Female,Metaphorical,3,3,4,1,2,1,10650,0.0,0.0,0
202,MP_7,13,Female,Metaphorical,3,3,4,1,2,2,16840,2995.0,17.78503562945370,0
203,MP_7,13,Female,Metaphorical,3,3,4,1,2,3,9151,4051.0,44.268385968746600,0
204,MP_7,13,Female,Metaphorical,3,3,4,1,2,4,7575,1594.0,21.042904290429000,0
205,MP_7,13,Female,Metaphorical,3,3,4,1,2,5,10323,557.0,5.3957182989441100,1
206,MP_7,13,Female,Metaphorical,3,3,4,1,2,6,17327,536.0,3.093437986956770,1
207,MP_7,13,Female,Metaphorical,3,3,4,1,2,7,14607,1816.0,12.43239542685010,1
208,MP_7,13,Female,Metaphorical,3,3,4,1,2,8,8346,2185.0,26.180206086748100,1
209,MP_7,13,Female,Metaphorical,3,3,4,1,2,9,14990,3631.0,24.222815210140100,1
210,MP_7,13,Female,Metaphorical,3,3,4,1,2,10,18979,4955.0,26.1078033616102,1
211,MP_7,13,Female,Metaphorical,3,3,4,1,2,11,24025,2734.0,11.37981269510930,1
212,MP_7,13,Female,Metaphorical,3,3,4,1,2,12,19007,1266.0,6.660703951175880,1
213,MP_7,13,Female,Metaphorical,3,3,4,1,2,13,11421,2939.0,25.733298310130500,1
214,MP_7,13,Female,Metaphorical,3,3,4,1,2,14,7885,0.0,0.0,1
215,MP_7,13,Female,Metaphorical,3,3,4,1,2,15,2398,1621.0,67.59799833194330,2
216,MP_7,13,Female,Metaphorical,3,3,4,1,2,16,,,,2
217,MP_7,13,Female,Metaphorical,3,3,4,1,2,17,364,0.0,0.0,2
218,MP_7,13,Female,Metaphorical,3,3,4,1,2,18,,,,2
219,MP_7,13,Female,Metaphorical,3,3,4,1,2,19,32441,587.0,1.8094386732838100,2
220,MP_8,14,Male,Metaphorical,3,3,3,1,2,0,5299,4.0,0.07548594074353650,0
221,MP_8,14,Male,Metaphorical,3,3,3,1,2,1,,,,0
222,MP_8,14,Male,Metaphorical,3,3,3,1,2,2,6369,0.0,0.0,0
223,MP_8,14,Male,Metaphorical,3,3,3,1,2,3,10737,233.0,2.1700661264785300,0
224,MP_8,14,Male,Metaphorical,3,3,3,1,2,4,,,,0
225,MP_8,14,Male,Metaphorical,3,3,3,1,2,5,8351,0.0,0.0,1
226,MP_8,14,Male,Metaphorical,3,3,3,1,2,6,24444,0.0,0.0,1
227,MP_8,14,Male,Metaphorical,3,3,3,1,2,7,22501,0.0,0.0,1
228,MP_8,14,Male,Metaphorical,3,3,3,1,2,8,30421,1867.0,6.137207849840570,1
229,MP_8,14,Male,Metaphorical,3,3,3,1,2,9,10969,857.0,7.812927340687390,1
230,MP_8,14,Male,Metaphorical,3,3,3,1,2,10,22679,442.0,1.9489395475991000,1
231,MP_8,14,Male,Metaphorical,3,3,3,1,2,11,29233,199.0,0.6807375226627440,1
232,MP_8,14,Male,Metaphorical,3,3,3,1,2,12,6637,4.0,0.06026819346090100,1
233,MP_8,14,Male,Metaphorical,3,3,3,1,2,13,19648,2452.0,12.479641693811100,1
234,MP_8,14,Male,Metaphorical,3,3,3,1,2,14,8873,1992.0,22.450129606671900,1
235,MP_8,14,Male,Metaphorical,3,3,3,1,2,15,29722,1487.0,5.003028060022880,2
236,MP_8,14,Male,Metaphorical,3,3,3,1,2,16,34986,852.0,2.4352598182130000,2
237,MP_8,14,Male,Metaphorical,3,3,3,1,2,17,10425,0.0,0.0,2
238,MP_8,14,Male,Metaphorical,3,3,3,1,2,18,13059,0.0,0.0,2
239,MP_8,14,Male,Metaphorical,3,3,3,1,2,19,15240,3540.0,23.228346456692900,2
240,SP_5,15,Male,Simile,7,4,1,2,2,0,46454,1623.0,3.493778791923190,0
241,SP_5,15,Male,Simile,7,4,1,2,2,1,46995,0.0,0.0,0
242,SP_5,15,Male,Simile,7,4,1,2,2,2,31997,4447.0,13.898177954183200,0
243,SP_5,15,Male,Simile,7,4,1,2,2,3,964,0.0,0.0,0
244,SP_5,15,Male,Simile,7,4,1,2,2,4,44948,5580.0,12.414345465871700,0
245,SP_5,15,Male,Simile,7,4,1,2,2,5,41645,74.0,0.17769240004802500,1
246,SP_5,15,Male,Simile,7,4,1,2,2,6,22278,64.0,0.2872789298859860,1
247,SP_5,15,Male,Simile,7,4,1,2,2,7,24161,97.0,0.4014734489466500,1
248,SP_5,15,Male,Simile,7,4,1,2,2,8,22668,397.0,1.7513675666137300,1
249,SP_5,15,Male,Simile,7,4,1,2,2,9,25641,615.0,2.3985023985024000,1
250,SP_5,15,Male,Simile,7,4,1,2,2,10,45771,3405.0,7.439208232286820,1
251,SP_5,15,Male,Simile,7,4,1,2,2,11,53057,6355.0,11.97768437717930,1
252,SP_5,15,Male,Simile,7,4,1,2,2,12,26042,10028.0,38.507027110053000,1
253,SP_5,15,Male,Simile,7,4,1,2,2,13,53802,7636.0,14.192780937511600,1
254,SP_5,15,Male,Simile,7,4,1,2,2,14,24412,4513.0,18.486809765689000,1
255,SP_5,15,Male,Simile,7,4,1,2,2,15,42898,4932.0,11.497039489020500,2
256,SP_5,15,Male,Simile,7,4,1,2,2,16,38488,2932.0,7.617958844315110,2
257,SP_5,15,Male,Simile,7,4,1,2,2,17,44712,1058.0,2.366255144032920,2
258,SP_5,15,Male,Simile,7,4,1,2,2,18,47125,1706.0,3.6201591511936300,2
259,SP_5,15,Male,Simile,7,4,1,2,2,19,37844,527.0,1.3925589261177500,2
260,MP_9,16,Male,Metaphorical,7,4,4,1,3,0,1630,1435.0,88.03680981595090,0
261,MP_9,16,Male,Metaphorical,7,4,4,1,3,1,19754,9792.0,49.5697074010327,0
262,MP_9,16,Male,Metaphorical,7,4,4,1,3,2,8412,2663.0,31.657156443176400,0
263,MP_9,16,Male,Metaphorical,7,4,4,1,3,3,6234,2167.0,34.76098812961180,0
264,MP_9,16,Male,Metaphorical,7,4,4,1,3,4,2313,1617.0,69.90920881971470,0
265,MP_9,16,Male,Metaphorical,7,4,4,1,3,5,31881,5689.0,17.844484175527700,1
266,MP_9,16,Male,Metaphorical,7,4,4,1,3,6,2472,59.0,2.3867313915857600,1
267,MP_9,16,Male,Metaphorical,7,4,4,1,3,7,34828,6287.0,18.05156770414610,1
268,MP_9,16,Male,Metaphorical,7,4,4,1,3,8,11083,6490.0,58.55815212487590,1
269,MP_9,16,Male,Metaphorical,7,4,4,1,3,9,30442,13936.0,45.778858156494300,1
270,MP_9,16,Male,Metaphorical,7,4,4,1,3,10,21916,1263.0,5.762912940317580,1
271,MP_9,16,Male,Metaphorical,7,4,4,1,3,11,,,,1
272,MP_9,16,Male,Metaphorical,7,4,4,1,3,12,,,,1
273,MP_9,16,Male,Metaphorical,7,4,4,1,3,13,2784,0.0,0.0,1
274,MP_9,16,Male,Metaphorical,7,4,4,1,3,14,8057,586.0,7.273178602457490,1
275,MP_9,16,Male,Metaphorical,7,4,4,1,3,15,731,0.0,0.0,2
276,MP_9,16,Male,Metaphorical,7,4,4,1,3,16,12828,1490.0,11.61521671343940,2
277,MP_9,16,Male,Metaphorical,7,4,4,1,3,17,9463,988.0,10.440663637324300,2
278,MP_9,16,Male,Metaphorical,7,4,4,1,3,18,,,,2
279,MP_9,16,Male,Metaphorical,7,4,4,1,3,19,5155,502.0,9.73811833171678,2
280,MP_10,18,Male,Metaphorical,3,4,4,5,6,0,17404,2736.0,15.72052401746730,0
281,MP_10,18,Male,Metaphorical,3,4,4,5,6,1,33594,2882.0,8.578912901113290,0
282,MP_10,18,Male,Metaphorical,3,4,4,5,6,2,23646,3102.0,13.118497843187000,0
283,MP_10,18,Male,Metaphorical,3,4,4,5,6,3,41122,2130.0,5.1797091581148800,0
284,MP_10,18,Male,Metaphorical,3,4,4,5,6,4,6506,443.0,6.809099292960340,0
285,MP_10,18,Male,Metaphorical,3,4,4,5,6,5,21045,1586.0,7.536231884057970,1
286,MP_10,18,Male,Metaphorical,3,4,4,5,6,6,31284,0.0,0.0,1
287,MP_10,18,Male,Metaphorical,3,4,4,5,6,7,26004,2565.0,9.863867097369640,1
288,MP_10,18,Male,Metaphorical,3,4,4,5,6,8,26161,2446.0,9.349795497114030,1
289,MP_10,18,Male,Metaphorical,3,4,4,5,6,9,21566,2867.0,13.294074005378800,1
290,MP_10,18,Male,Metaphorical,3,4,4,5,6,10,15692,3166.0,20.175885801682400,1
291,MP_10,18,Male,Metaphorical,3,4,4,5,6,11,29433,4465.0,15.170047225902900,1
292,MP_10,18,Male,Metaphorical,3,4,4,5,6,12,38264,1829.0,4.779949822287270,1
293,MP_10,18,Male,Metaphorical,3,4,4,5,6,13,29790,1681.0,5.642833165491780,1
294,MP_10,18,Male,Metaphorical,3,4,4,5,6,14,16309,1336.0,8.19179594089153,1
295,MP_10,18,Male,Metaphorical,3,4,4,5,6,15,28349,379.0,1.336907827436590,2
296,MP_10,18,Male,Metaphorical,3,4,4,5,6,16,29880,1449.0,4.849397590361450,2
297,MP_10,18,Male,Metaphorical,3,4,4,5,6,17,30613,3299.0,10.776467513801300,2
298,MP_10,18,Male,Metaphorical,3,4,4,5,6,18,26935,3340.0,12.400222758492700,2
299,MP_10,18,Male,Metaphorical,3,4,4,5,6,19,18752,262.0,1.397184300341300,2
300,MP_11,19,Male,Metaphorical,4,3,3,5,5,0,18216,5301.0,29.100790513834000,0
301,MP_11,19,Male,Metaphorical,4,3,3,5,5,1,35143,2075.0,5.904447542896170,0
302,MP_11,19,Male,Metaphorical,4,3,3,5,5,2,21230,2152.0,10.136599152143200,0
303,MP_11,19,Male,Metaphorical,4,3,3,5,5,3,11964,1365.0,11.409227683049100,0
304,MP_11,19,Male,Metaphorical,4,3,3,5,5,4,32660,3315.0,10.15003061849360,0
305,MP_11,19,Male,Metaphorical,4,3,3,5,5,5,16414,48.0,0.29243328865602500,1
306,MP_11,19,Male,Metaphorical,4,3,3,5,5,6,3666,0.0,0.0,1
307,MP_11,19,Male,Metaphorical,4,3,3,5,5,7,6135,0.0,0.0,1
308,MP_11,19,Male,Metaphorical,4,3,3,5,5,8,10429,198.0,1.8985521142966700,1
309,MP_11,19,Male,Metaphorical,4,3,3,5,5,9,9922,299.0,3.013505341664990,1
310,MP_11,19,Male,Metaphorical,4,3,3,5,5,10,6261,0.0,0.0,1
311,MP_11,19,Male,Metaphorical,4,3,3,5,5,11,3465,0.0,0.0,1
312,MP_11,19,Male,Metaphorical,4,3,3,5,5,12,6875,0.0,0.0,1
313,MP_11,19,Male,Metaphorical,4,3,3,5,5,13,12127,126.0,1.0390038756493800,1
314,MP_11,19,Male,Metaphorical,4,3,3,5,5,14,16167,2.0,0.012370878950949500,1
315,MP_11,19,Male,Metaphorical,4,3,3,5,5,15,6787,0.0,0.0,2
316,MP_11,19,Male,Metaphorical,4,3,3,5,5,16,2374,0.0,0.0,2
317,MP_11,19,Male,Metaphorical,4,3,3,5,5,17,773,0.0,0.0,2
318,MP_11,19,Male,Metaphorical,4,3,3,5,5,18,,,,2
319,MP_11,19,Male,Metaphorical,4,3,3,5,5,19,438,0.0,0.0,2
320,MP_12,21,Female,Metaphorical,3,4,3,4,4,0,10655,2764.0,25.940872829657400,0
321,MP_12,21,Female,Metaphorical,3,4,3,4,4,1,29134,10366.0,35.58042150065220,0
322,MP_12,21,Female,Metaphorical,3,4,3,4,4,2,23625,84.0,0.35555555555555600,0
323,MP_12,21,Female,Metaphorical,3,4,3,4,4,3,36290,7776.0,21.427390465693000,0
324,MP_12,21,Female,Metaphorical,3,4,3,4,4,4,30329,6135.0,20.228164463055200,0
325,MP_12,21,Female,Metaphorical,3,4,3,4,4,5,38868,8676.0,22.321704229700500,1
326,MP_12,21,Female,Metaphorical,3,4,3,4,4,6,19708,936.0,4.749340369393140,1
327,MP_12,21,Female,Metaphorical,3,4,3,4,4,7,23059,415.0,1.7997311245067000,1
328,MP_12,21,Female,Metaphorical,3,4,3,4,4,8,27709,917.0,3.309394059691800,1
329,MP_12,21,Female,Metaphorical,3,4,3,4,4,9,46417,4807.0,10.356119525174000,1
330,MP_12,21,Female,Metaphorical,3,4,3,4,4,10,16426,270.0,1.6437355412151500,1
331,MP_12,21,Female,Metaphorical,3,4,3,4,4,11,23086,445.0,1.9275751537728500,1
332,MP_12,21,Female,Metaphorical,3,4,3,4,4,12,13193,0.0,0.0,1
333,MP_12,21,Female,Metaphorical,3,4,3,4,4,13,32472,0.0,0.0,1
334,MP_12,21,Female,Metaphorical,3,4,3,4,4,14,1472,271.0,18.410326086956500,1
335,MP_12,21,Female,Metaphorical,3,4,3,4,4,15,18768,4866.0,25.92710997442460,2
336,MP_12,21,Female,Metaphorical,3,4,3,4,4,16,22667,1083.0,4.777870913663030,2
337,MP_12,21,Female,Metaphorical,3,4,3,4,4,17,11466,2010.0,17.530088958660400,2
338,MP_12,21,Female,Metaphorical,3,4,3,4,4,18,,,,2
339,MP_12,21,Female,Metaphorical,3,4,3,4,4,19,19252,4187.0,21.748389777685400,2
340,MP_13,22,Female,Metaphorical,1,5,5,1,3,0,11914,1261.0,10.584186671143200,0
341,MP_13,22,Female,Metaphorical,1,5,5,1,3,1,,,,0
342,MP_13,22,Female,Metaphorical,1,5,5,1,3,2,17027,3066.0,18.006695248722600,0
343,MP_13,22,Female,Metaphorical,1,5,5,1,3,3,,,,0
344,MP_13,22,Female,Metaphorical,1,5,5,1,3,4,3885,626.0,16.113256113256100,0
345,MP_13,22,Female,Metaphorical,1,5,5,1,3,5,,,,1
346,MP_13,22,Female,Metaphorical,1,5,5,1,3,6,10019,9459.0,94.41061982233760,1
347,MP_13,22,Female,Metaphorical,1,5,5,1,3,7,14958,309.0,2.0657841957480900,1
348,MP_13,22,Female,Metaphorical,1,5,5,1,3,8,9710,5668.0,58.372811534500500,1
349,MP_13,22,Female,Metaphorical,1,5,5,1,3,9,12590,12.0,0.09531374106433680,1
350,MP_13,22,Female,Metaphorical,1,5,5,1,3,10,21526,2018.0,9.37470965344235,1
351,MP_13,22,Female,Metaphorical,1,5,5,1,3,11,8965,3377.0,37.668711656441700,1
352,MP_13,22,Female,Metaphorical,1,5,5,1,3,12,13981,9788.0,70.00929833345250,1
353,MP_13,22,Female,Metaphorical,1,5,5,1,3,13,26330,23765.0,90.25826053930880,1
354,MP_13,22,Female,Metaphorical,1,5,5,1,3,14,4037,0.0,0.0,1
355,MP_13,22,Female,Metaphorical,1,5,5,1,3,15,8795,3829.0,43.536100056850500,2
356,MP_13,22,Female,Metaphorical,1,5,5,1,3,16,4515,74.0,1.6389811738648900,2
357,MP_13,22,Female,Metaphorical,1,5,5,1,3,17,15793,6356.0,40.24567846514280,2
358,MP_13,22,Female,Metaphorical,1,5,5,1,3,18,13808,14.0,0.10139049826187700,2
359,MP_13,22,Female,Metaphorical,1,5,5,1,3,19,5720,0.0,0.0,2
360,MP_14,23,Female,Metaphorical,4,4,4,2,3,0,25209,11.0,0.04363520964734820,0
361,MP_14,23,Female,Metaphorical,4,4,4,2,3,1,37836,275.0,0.7268210170208270,0
362,MP_14,23,Female,Metaphorical,4,4,4,2,3,2,12439,199.0,1.5998070584452100,0
363,MP_14,23,Female,Metaphorical,4,4,4,2,3,3,17463,558.0,3.1953272633568100,0
364,MP_14,23,Female,Metaphorical,4,4,4,2,3,4,7254,20.0,0.27570995312930800,0
365,MP_14,23,Female,Metaphorical,4,4,4,2,3,5,6321,11.0,0.1740230976111380,1
366,MP_14,23,Female,Metaphorical,4,4,4,2,3,6,11180,275.0,2.459749552772810,1
367,MP_14,23,Female,Metaphorical,4,4,4,2,3,7,12439,199.0,1.5998070584452100,1
368,MP_14,23,Female,Metaphorical,4,4,4,2,3,8,17463,558.0,3.1953272633568100,1
369,MP_14,23,Female,Metaphorical,4,4,4,2,3,9,7254,20.0,0.27570995312930800,1
370,MP_14,23,Female,Metaphorical,4,4,4,2,3,10,17749,190.0,1.0704828441038900,1
371,MP_14,23,Female,Metaphorical,4,4,4,2,3,11,7639,0.0,0.0,1
372,MP_14,23,Female,Metaphorical,4,4,4,2,3,12,28934,81.0,0.2799474666482340,1
373,MP_14,23,Female,Metaphorical,4,4,4,2,3,13,27437,357.0,1.3011626635565100,1
374,MP_14,23,Female,Metaphorical,4,4,4,2,3,14,17987,1331.0,7.3997887363095600,1
375,MP_14,23,Female,Metaphorical,4,4,4,2,3,15,19623,105.0,0.5350863782296290,2
376,MP_14,23,Female,Metaphorical,4,4,4,2,3,16,29889,242.0,0.8096624176118300,2
377,MP_14,23,Female,Metaphorical,4,4,4,2,3,17,14386,194.0,1.348533296260250,2
378,MP_14,23,Female,Metaphorical,4,4,4,2,3,18,22873,304.0,1.3290779521706800,2
379,MP_14,23,Female,Metaphorical,4,4,4,2,3,19,9923,53.0,0.5341126675400590,2
380,SP_6,24,Female,Simile,6,4,1,1,1,0,22608,5759.0,25.47328379334750,0
381,SP_6,24,Female,Simile,6,4,1,1,1,1,15952,2294.0,14.380641925777300,0
382,SP_6,24,Female,Simile,6,4,1,1,1,2,30546,8246.0,26.995351273489200,0
383,SP_6,24,Female,Simile,6,4,1,1,1,3,8979,3082.0,34.32453502617220,0
384,SP_6,24,Female,Simile,6,4,1,1,1,4,25161,8902.0,35.380151822264600,0
385,SP_6,24,Female,Simile,6,4,1,1,1,5,33447,840.0,2.5114360032289900,1
386,SP_6,24,Female,Simile,6,4,1,1,1,6,40174,2082.0,5.182456315029620,1
387,SP_6,24,Female,Simile,6,4,1,1,1,7,31450,2450.0,7.790143084260730,1
388,SP_6,24,Female,Simile,6,4,1,1,1,8,7088,6300.0,88.88261851015800,1
389,SP_6,24,Female,Simile,6,4,1,1,1,9,23105,114.0,0.49339969703527400,1
390,SP_6,24,Female,Simile,6,4,1,1,1,10,28170,342.0,1.2140575079872200,1
391,SP_6,24,Female,Simile,6,4,1,1,1,11,23747,2083.0,8.771634311702530,1
392,SP_6,24,Female,Simile,6,4,1,1,1,12,7892,50.0,0.6335529650278760,1
393,SP_6,24,Female,Simile,6,4,1,1,1,13,3716,0.0,0.0,1
394,SP_6,24,Female,Simile,6,4,1,1,1,14,17530,141.0,0.8043354249857390,1
395,SP_6,24,Female,Simile,6,4,1,1,1,15,37487,3490.0,9.30989409662016,2
396,SP_6,24,Female,Simile,6,4,1,1,1,16,13924,3055.0,21.940534329215700,2
397,SP_6,24,Female,Simile,6,4,1,1,1,17,26900,761.0,2.8289962825278800,2
398,SP_6,24,Female,Simile,6,4,1,1,1,18,9032,0.0,0.0,2
399,SP_6,24,Female,Simile,6,4,1,1,1,19,9032,0.0,0.0,2
400,MP_15,25,Female,Metaphorical,6,2,4,2,3,0,31205,1378.0,4.415958980932540,0
401,MP_15,25,Female,Metaphorical,6,2,4,2,3,1,11966,1107.0,9.251211766672240,0
402,MP_15,25,Female,Metaphorical,6,2,4,2,3,2,20555,438.0,2.1308684018487000,0
403,MP_15,25,Female,Metaphorical,6,2,4,2,3,3,26152,1448.0,5.536861425512390,0
404,MP_15,25,Female,Metaphorical,6,2,4,2,3,4,21928,79.0,0.3602699744618750,0
405,MP_15,25,Female,Metaphorical,6,2,4,2,3,5,21928,0.0,0.0,1
406,MP_15,25,Female,Metaphorical,6,2,4,2,3,6,14031,53.0,0.3777350153232130,1
407,MP_15,25,Female,Metaphorical,6,2,4,2,3,7,22123,282.0,1.2746914975365000,1
408,MP_15,25,Female,Metaphorical,6,2,4,2,3,8,8450,26.0,0.3076923076923080,1
409,MP_15,25,Female,Metaphorical,6,2,4,2,3,9,23977,57.0,0.23772782249655900,1
410,MP_15,25,Female,Metaphorical,6,2,4,2,3,10,23977,0.0,0.0,1
411,MP_15,25,Female,Metaphorical,6,2,4,2,3,11,23977,0.0,0.0,1
412,MP_15,25,Female,Metaphorical,6,2,4,2,3,12,35571,9785.0,27.508363554581000,1
413,MP_15,25,Female,Metaphorical,6,2,4,2,3,13,12455,1925.0,15.455640305098400,1
414,MP_15,25,Female,Metaphorical,6,2,4,2,3,14,9591,571.0,5.9534980711083300,1
415,MP_15,25,Female,Metaphorical,6,2,4,2,3,15,16406,807.0,4.918932098012920,2
416,MP_15,25,Female,Metaphorical,6,2,4,2,3,16,15746,872.0,5.537914390956430,2
417,MP_15,25,Female,Metaphorical,6,2,4,2,3,17,25687,2933.0,11.418227118776000,2
418,MP_15,25,Female,Metaphorical,6,2,4,2,3,18,36349,2321.0,6.385320091336760,2
419,MP_15,25,Female,Metaphorical,6,2,4,2,3,19,26376,998.0,3.7837427964816500,2
420,MP_16,26,Female,Metaphorical,2,4,3,2,2,0,33674,14194.0,42.15121458692170,0
421,MP_16,26,Female,Metaphorical,2,4,3,2,2,1,32489,13597.0,41.85108806057440,0
422,MP_16,26,Female,Metaphorical,2,4,3,2,2,2,19577,7667.0,39.16330387699850,0
423,MP_16,26,Female,Metaphorical,2,4,3,2,2,3,34714,23140.0,66.65898484761190,0
424,MP_16,26,Female,Metaphorical,2,4,3,2,2,4,45045,10154.0,22.54190254190250,0
425,MP_16,26,Female,Metaphorical,2,4,3,2,2,5,36647,13627.0,37.18448986274460,1
426,MP_16,26,Female,Metaphorical,2,4,3,2,2,6,41282,4825.0,11.687902717891600,1
427,MP_16,26,Female,Metaphorical,2,4,3,2,2,7,37552,414.0,1.1024712398807000,1
428,MP_16,26,Female,Metaphorical,2,4,3,2,2,8,69527,20039.0,28.821896529405800,1
429,MP_16,26,Female,Metaphorical,2,4,3,2,2,9,46497,14273.0,30.696604081983800,1
430,MP_16,26,Female,Metaphorical,2,4,3,2,2,10,29693,518.0,1.7445189101808500,1
431,MP_16,26,Female,Metaphorical,2,4,3,2,2,11,20475,10844.0,52.96214896214900,1
432,MP_16,26,Female,Metaphorical,2,4,3,2,2,12,38881,800.0,2.05756024793601,1
433,MP_16,26,Female,Metaphorical,2,4,3,2,2,13,33650,1354.0,4.023774145616640,1
434,MP_16,26,Female,Metaphorical,2,4,3,2,2,14,40237,15258.0,37.920322091607200,1
435,MP_16,26,Female,Metaphorical,2,4,3,2,2,15,42296,17068.0,40.353697749196100,2
436,MP_16,26,Female,Metaphorical,2,4,3,2,2,16,48388,19106.0,39.48499628006940,2
437,MP_16,26,Female,Metaphorical,2,4,3,2,2,17,26439,850.0,3.2149476152653300,2
438,MP_16,26,Female,Metaphorical,2,4,3,2,2,18,46278,9426.0,20.36820951640090,2
439,MP_16,26,Female,Metaphorical,2,4,3,2,2,19,58565,17403.0,29.715700503713800,2
440,SP_7,27,Male,Simile,3,3,3,1,2,0,11518,66.0,0.5730161486369160,0
441,SP_7,27,Male,Simile,3,3,3,1,2,1,,,,0
442,SP_7,27,Male,Simile,3,3,3,1,2,2,,,,0
443,SP_7,27,Male,Simile,3,3,3,1,2,3,6739,548.0,8.13177029232824,0
444,SP_7,27,Male,Simile,3,3,3,1,2,4,7809,217.0,2.778844922525290,0
445,SP_7,27,Male,Simile,3,3,3,1,2,5,11143,2735.0,24.544557121062600,1
446,SP_7,27,Male,Simile,3,3,3,1,2,6,,,,1
447,SP_7,27,Male,Simile,3,3,3,1,2,7,759,707.0,93.14888010540180,1
448,SP_7,27,Male,Simile,3,3,3,1,2,8,2860,2828.0,98.88111888111890,1
449,SP_7,27,Male,Simile,3,3,3,1,2,9,10171,301.0,2.9593943565037900,1
450,SP_7,27,Male,Simile,3,3,3,1,2,10,14420,1209.0,8.384188626907070,1
451,SP_7,27,Male,Simile,3,3,3,1,2,11,,,,1
452,SP_7,27,Male,Simile,3,3,3,1,2,12,23136,964.0,4.166666666666670,1
453,SP_7,27,Male,Simile,3,3,3,1,2,13,698,0.0,0.0,1
454,SP_7,27,Male,Simile,3,3,3,1,2,14,12749,783.0,6.141658169268180,1
455,SP_7,27,Male,Simile,3,3,3,1,2,15,7027,0.0,0.0,2
456,SP_7,27,Male,Simile,3,3,3,1,2,16,899,22.0,2.4471635150166900,2
457,SP_7,27,Male,Simile,3,3,3,1,2,17,7486,4296.0,57.38712262890730,2
458,SP_7,27,Male,Simile,3,3,3,1,2,18,7955,568.0,7.140163419233190,2
459,SP_7,27,Male,Simile,3,3,3,1,2,19,9944,257.0,2.584473049074820,2
460,SP_8,28,Male,Simile,2,2,3,6,6,0,26343,0.0,0.0,0
461,SP_8,28,Male,Simile,2,2,3,6,6,1,24081,0.0,0.0,0
462,SP_8,28,Male,Simile,2,2,3,6,6,2,7354,0.0,0.0,0
463,SP_8,28,Male,Simile,2,2,3,6,6,3,18158,4.0,0.02202885780372290,0
464,SP_8,28,Male,Simile,2,2,3,6,6,4,22690,0.0,0.0,0
465,SP_8,28,Male,Simile,2,2,3,6,6,5,32561,0.0,0.0,1
466,SP_8,28,Male,Simile,2,2,3,6,6,6,12380,0.0,0.0,1
467,SP_8,28,Male,Simile,2,2,3,6,6,7,,,,1
468,SP_8,28,Male,Simile,2,2,3,6,6,8,13070,47.0,0.35960214231063500,1
469,SP_8,28,Male,Simile,2,2,3,6,6,9,29044,0.0,0.0,1
470,SP_8,28,Male,Simile,2,2,3,6,6,10,17448,0.0,0.0,1
471,SP_8,28,Male,Simile,2,2,3,6,6,11,22887,0.0,0.0,1
472,SP_8,28,Male,Simile,2,2,3,6,6,12,19845,0.0,0.0,1
473,SP_8,28,Male,Simile,2,2,3,6,6,13,23939,0.0,0.0,1
474,SP_8,28,Male,Simile,2,2,3,6,6,14,19578,0.0,0.0,1
475,SP_8,28,Male,Simile,2,2,3,6,6,15,20311,0.0,0.0,2
476,SP_8,28,Male,Simile,2,2,3,6,6,16,14916,0.0,0.0,2
477,SP_8,28,Male,Simile,2,2,3,6,6,17,30883,0.0,0.0,2
478,SP_8,28,Male,Simile,2,2,3,6,6,18,11899,0.0,0.0,2
479,SP_8,28,Male,Simile,2,2,3,6,6,19,16629,0.0,0.0,2
480,SP_9,29,Male,Simile,6,4,4,3,4,0,16156,2941.0,18.203763307749400,0
481,SP_9,29,Male,Simile,6,4,4,3,4,1,18743,0.0,0.0,0
482,SP_9,29,Male,Simile,6,4,4,3,4,2,15222,0.0,0.0,0
483,SP_9,29,Male,Simile,6,4,4,3,4,3,14918,0.0,0.0,0
484,SP_9,29,Male,Simile,6,4,4,3,4,4,11335,1353.0,11.936479929422100,0
485,SP_9,29,Male,Simile,6,4,4,3,4,5,16270,773.0,4.751075599262450,1
486,SP_9,29,Male,Simile,6,4,4,3,4,6,12013,37.0,0.307999667027387,1
487,SP_9,29,Male,Simile,6,4,4,3,4,7,11137,1423.0,12.777229056298800,1
488,SP_9,29,Male,Simile,6,4,4,3,4,8,25743,1350.0,5.244144039156280,1
489,SP_9,29,Male,Simile,6,4,4,3,4,9,5961,0.0,0.0,1
490,SP_9,29,Male,Simile,6,4,4,3,4,10,17266,4253.0,24.632225182439500,1
491,SP_9,29,Male,Simile,6,4,4,3,4,11,25009,3254.0,13.011315926266500,1
492,SP_9,29,Male,Simile,6,4,4,3,4,12,13818,3992.0,28.889853813866000,1
493,SP_9,29,Male,Simile,6,4,4,3,4,13,9145,0.0,0.0,1
494,SP_9,29,Male,Simile,6,4,4,3,4,14,10688,5707.0,53.39633233532940,1
495,SP_9,29,Male,Simile,6,4,4,3,4,15,3905,1456.0,37.28553137003840,2
496,SP_9,29,Male,Simile,6,4,4,3,4,16,,,,2
497,SP_9,29,Male,Simile,6,4,4,3,4,17,,,,2
498,SP_9,29,Male,Simile,6,4,4,3,4,18,,,,2
499,SP_9,29,Male,Simile,6,4,4,3,4,19,,,,2
500,MP_17,30,Male,Metaphorical,4,4,4,3,5,0,26202,3678.0,14.03709640485460,0
501,MP_17,30,Male,Metaphorical,4,4,4,3,5,1,26949,5656.0,20.987791754796100,0
502,MP_17,30,Male,Metaphorical,4,4,4,3,5,2,7913,1557.0,19.676481738910700,0
503,MP_17,30,Male,Metaphorical,4,4,4,3,5,3,29461,5605.0,19.02515189572660,0
504,MP_17,30,Male,Metaphorical,4,4,4,3,5,4,26998,4524.0,16.756796799762900,0
505,MP_17,30,Male,Metaphorical,4,4,4,3,5,5,19462,1742.0,8.950775870927960,1
506,MP_17,30,Male,Metaphorical,4,4,4,3,5,6,14403,75.0,0.5207248489897940,1
507,MP_17,30,Male,Metaphorical,4,4,4,3,5,7,16142,327.0,2.0257712798909700,1
508,MP_17,30,Male,Metaphorical,4,4,4,3,5,8,14170,1306.0,9.2166549047283,1
509,MP_17,30,Male,Metaphorical,4,4,4,3,5,9,4070,159.0,3.9066339066339100,1
510,MP_17,30,Male,Metaphorical,4,4,4,3,5,10,19838,750.0,3.7806230466780900,1
511,MP_17,30,Male,Metaphorical,4,4,4,3,5,11,14439,893.0,6.184638825403420,1
512,MP_17,30,Male,Metaphorical,4,4,4,3,5,12,26110,1625.0,6.2236690923018,1
513,MP_17,30,Male,Metaphorical,4,4,4,3,5,13,1686,305.0,18.09015421115070,1
514,MP_17,30,Male,Metaphorical,4,4,4,3,5,14,15921,275.0,1.7272784372840900,1
515,MP_17,30,Male,Metaphorical,4,4,4,3,5,15,15554,1336.0,8.58943037160859,2
516,MP_17,30,Male,Metaphorical,4,4,4,3,5,16,6805,85.0,1.2490815576781800,2
517,MP_17,30,Male,Metaphorical,4,4,4,3,5,17,18934,1729.0,9.131720714059360,2
518,MP_17,30,Male,Metaphorical,4,4,4,3,5,18,13913,48.0,0.34500107812836900,2
519,MP_17,30,Male,Metaphorical,4,4,4,3,5,19,19568,2784.0,14.227309893704000,2
520,SP_10,31,Female,Simile,3,4,4,1,1,0,9937,23.0,0.23145818657542500,0
521,SP_10,31,Female,Simile,3,4,4,1,1,1,5207,0.0,0.0,0
522,SP_10,31,Female,Simile,3,4,4,1,1,2,2790,31.0,1.1111111111111100,0
523,SP_10,31,Female,Simile,3,4,4,1,1,3,662,0.0,0.0,0
524,SP_10,31,Female,Simile,3,4,4,1,1,4,,,,0
525,SP_10,31,Female,Simile,3,4,4,1,1,5,6043,25.0,0.4137018037398640,1
526,SP_10,31,Female,Simile,3,4,4,1,1,6,6997,0.0,0.0,1
527,SP_10,31,Female,Simile,3,4,4,1,1,7,8825,0.0,0.0,1
528,SP_10,31,Female,Simile,3,4,4,1,1,8,710,159.0,22.3943661971831,1
529,SP_10,31,Female,Simile,3,4,4,1,1,9,15012,0.0,0.0,1
530,SP_10,31,Female,Simile,3,4,4,1,1,10,3678,0.0,0.0,1
531,SP_10,31,Female,Simile,3,4,4,1,1,11,8249,0.0,0.0,1
532,SP_10,31,Female,Simile,3,4,4,1,1,12,3498,0.0,0.0,1
533,SP_10,31,Female,Simile,3,4,4,1,1,13,23193,0.0,0.0,1
534,SP_10,31,Female,Simile,3,4,4,1,1,14,5193,0.0,0.0,1
535,SP_10,31,Female,Simile,3,4,4,1,1,15,5004,7.0,0.1398880895283770,2
536,SP_10,31,Female,Simile,3,4,4,1,1,16,484,0.0,0.0,2
537,SP_10,31,Female,Simile,3,4,4,1,1,17,11042,0.0,0.0,2
538,SP_10,31,Female,Simile,3,4,4,1,1,18,12890,0.0,0.0,2
539,SP_10,31,Female,Simile,3,4,4,1,1,19,8572,0.0,0.0,2
540,SP_11,32,Female,Simile,6,2,2,2,5,0,11905,375.0,3.149937001259980,0
541,SP_11,32,Female,Simile,6,2,2,2,5,1,7031,494.0,7.026027592092160,0
542,SP_11,32,Female,Simile,6,2,2,2,5,2,21957,0.0,0.0,0
543,SP_11,32,Female,Simile,6,2,2,2,5,3,26326,3.0,0.011395578515536000,0
544,SP_11,32,Female,Simile,6,2,2,2,5,4,9757,41.0,0.42021113047043100,0
545,SP_11,32,Female,Simile,6,2,2,2,5,5,15661,5056.0,32.28401762339570,1
546,SP_11,32,Female,Simile,6,2,2,2,5,6,11906,125.0,1.049890811355620,1
547,SP_11,32,Female,Simile,6,2,2,2,5,7,27849,7857.0,28.21286222126470,1
548,SP_11,32,Female,Simile,6,2,2,2,5,8,15460,19.0,0.12289780077619700,1
549,SP_11,32,Female,Simile,6,2,2,2,5,9,21900,278.0,1.269406392694060,1
550,SP_11,32,Female,Simile,6,2,2,2,5,10,25025,1579.0,6.30969030969031,1
551,SP_11,32,Female,Simile,6,2,2,2,5,11,16973,7.0,0.04124197254462970,1
552,SP_11,32,Female,Simile,6,2,2,2,5,12,19649,0.0,0.0,1
553,SP_11,32,Female,Simile,6,2,2,2,5,13,4706,959.0,20.3782405439864,1
554,SP_11,32,Female,Simile,6,2,2,2,5,14,19077,393.0,2.06007233841799,1
555,SP_11,32,Female,Simile,6,2,2,2,5,15,22288,553.0,2.4811557788944700,2
556,SP_11,32,Female,Simile,6,2,2,2,5,16,9977,0.0,0.0,2
557,SP_11,32,Female,Simile,6,2,2,2,5,17,5109,927.0,18.144450968878500,2
558,SP_11,32,Female,Simile,6,2,2,2,5,18,14446,0.0,0.0,2
559,SP_11,32,Female,Simile,6,2,2,2,5,19,,,,2
560,SP_12,33,Female,Simile,6,3,3,4,4,0,14362,0.0,0.0,0
561,SP_12,33,Female,Simile,6,3,3,4,4,1,17533,99.0,0.564649518051674,0
562,SP_12,33,Female,Simile,6,3,3,4,4,2,10680,40.0,0.37453183520599300,0
563,SP_12,33,Female,Simile,6,3,3,4,4,3,13613,450.0,3.3056637038125300,0
564,SP_12,33,Female,Simile,6,3,3,4,4,4,27031,3.0,0.011098368539824600,0
565,SP_12,33,Female,Simile,6,3,3,4,4,5,19645,687.0,3.4970730465767400,1
566,SP_12,33,Female,Simile,6,3,3,4,4,6,19329,1129.0,5.840964354079360,1
567,SP_12,33,Female,Simile,6,3,3,4,4,7,3879,140.0,3.609177623098740,1
568,SP_12,33,Female,Simile,6,3,3,4,4,8,14963,0.0,0.0,1
569,SP_12,33,Female,Simile,6,3,3,4,4,9,12842,0.0,0.0,1
570,SP_12,33,Female,Simile,6,3,3,4,4,10,12217,299.0,2.447409347630350,1
571,SP_12,33,Female,Simile,6,3,3,4,4,11,17904,401.0,2.239722966934760,1
572,SP_12,33,Female,Simile,6,3,3,4,4,12,21374,0.0,0.0,1
573,SP_12,33,Female,Simile,6,3,3,4,4,13,,,,1
574,SP_12,33,Female,Simile,6,3,3,4,4,14,10666,0.0,0.0,1
575,SP_12,33,Female,Simile,6,3,3,4,4,15,,,,2
576,SP_12,33,Female,Simile,6,3,3,4,4,16,12161,0.0,0.0,2
577,SP_12,33,Female,Simile,6,3,3,4,4,17,14311,0.0,0.0,2
578,SP_12,33,Female,Simile,6,3,3,4,4,18,465,148.0,31.827956989247300,2
579,SP_12,33,Female,Simile,6,3,3,4,4,19,,,,2
580,SP_13,35,Male,Simile,2,2,2,5,5,0,26468,5831.0,22.030376303460800,0
581,SP_13,35,Male,Simile,2,2,2,5,5,1,13600,4871.0,35.81617647058820,0
582,SP_13,35,Male,Simile,2,2,2,5,5,2,11574,8771.0,75.78192500432000,0
583,SP_13,35,Male,Simile,2,2,2,5,5,3,6262,5892.0,94.09134461833280,0
584,SP_13,35,Male,Simile,2,2,2,5,5,4,,,,0
585,SP_13,35,Male,Simile,2,2,2,5,5,5,,,,1
586,SP_13,35,Male,Simile,2,2,2,5,5,6,22651,21485.0,94.85232440068870,1
587,SP_13,35,Male,Simile,2,2,2,5,5,7,14404,6510.0,45.19577895029160,1
588,SP_13,35,Male,Simile,2,2,2,5,5,8,,,,1
589,SP_13,35,Male,Simile,2,2,2,5,5,9,,,,1
590,SP_13,35,Male,Simile,2,2,2,5,5,10,11450,9083.0,79.32751091703060,1
591,SP_13,35,Male,Simile,2,2,2,5,5,11,10288,8982.0,87.30559875583200,1
592,SP_13,35,Male,Simile,2,2,2,5,5,12,7925,7537.0,95.10410094637220,1
593,SP_13,35,Male,Simile,2,2,2,5,5,13,,,,1
594,SP_13,35,Male,Simile,2,2,2,5,5,14,,,,1
595,SP_13,35,Male,Simile,2,2,2,5,5,15,,,,2
596,SP_13,35,Male,Simile,2,2,2,5,5,16,,,,2
597,SP_13,35,Male,Simile,2,2,2,5,5,17,,,,2
598,SP_13,35,Male,Simile,2,2,2,5,5,18,,,,2
599,SP_13,35,Male,Simile,2,2,2,5,5,19,,,,2
600,SP_14,36,Female,Simile,1,3,3,5,5,0,4209,297.0,7.056307911617960,0
601,SP_14,36,Female,Simile,1,3,3,5,5,1,12819,162.0,1.2637491223964400,0
602,SP_14,36,Female,Simile,1,3,3,5,5,2,2600,696.0,26.769230769230800,0
603,SP_14,36,Female,Simile,1,3,3,5,5,3,,,,0
604,SP_14,36,Female,Simile,1,3,3,5,5,4,1121,280.0,24.977698483496900,0
605,SP_14,36,Female,Simile,1,3,3,5,5,5,2175,390.0,17.93103448275860,1
606,SP_14,36,Female,Simile,1,3,3,5,5,6,3765,574.0,15.245683930942900,1
607,SP_14,36,Female,Simile,1,3,3,5,5,7,369,0.0,0.0,1
608,SP_14,36,Female,Simile,1,3,3,5,5,8,1953,8.0,0.409626216077829,1
609,SP_14,36,Female,Simile,1,3,3,5,5,9,4241,21.0,0.4951662343786840,1
610,SP_14,36,Female,Simile,1,3,3,5,5,10,2876,293.0,10.187760778859500,1
611,SP_14,36,Female,Simile,1,3,3,5,5,11,1325,0.0,0.0,1
612,SP_14,36,Female,Simile,1,3,3,5,5,12,523,0.0,0.0,1
613,SP_14,36,Female,Simile,1,3,3,5,5,13,3634,543.0,14.942212438084800,1
614,SP_14,36,Female,Simile,1,3,3,5,5,14,3744,47.0,1.2553418803418800,1
615,SP_14,36,Female,Simile,1,3,3,5,5,15,3198,0.0,0.0,2
616,SP_14,36,Female,Simile,1,3,3,5,5,16,924,0.0,0.0,2
617,SP_14,36,Female,Simile,1,3,3,5,5,17,,,,2
618,SP_14,36,Female,Simile,1,3,3,5,5,18,595,0.0,0.0,2
619,SP_14,36,Female,Simile,1,3,3,5,5,19,,,,2
620,SP_15,37,Male,Simile,5,3,3,1,2,0,4079,619.0,15.175288060799200,0
621,SP_15,37,Male,Simile,5,3,3,1,2,1,7979,2740.0,34.340142875047,0
622,SP_15,37,Male,Simile,5,3,3,1,2,2,5052,17.0,0.33650039588281900,0
623,SP_15,37,Male,Simile,5,3,3,1,2,3,,,,0
624,SP_15,37,Male,Simile,5,3,3,1,2,4,934,3.0,0.32119914346895100,0
625,SP_15,37,Male,Simile,5,3,3,1,2,5,12798,1887.0,14.744491326769800,1
626,SP_15,37,Male,Simile,5,3,3,1,2,6,14365,1010.0,7.030978071702050,1
627,SP_15,37,Male,Simile,5,3,3,1,2,7,20233,1390.0,6.869964908812340,1
628,SP_15,37,Male,Simile,5,3,3,1,2,8,2246,348.0,15.49421193232410,1
629,SP_15,37,Male,Simile,5,3,3,1,2,9,12521,1015.0,8.106381279450520,1
630,SP_15,37,Male,Simile,5,3,3,1,2,10,,,,1
631,SP_15,37,Male,Simile,5,3,3,1,2,11,6784,0.0,0.0,1
632,SP_15,37,Male,Simile,5,3,3,1,2,12,23280,1248.0,5.360824742268040,1
633,SP_15,37,Male,Simile,5,3,3,1,2,13,25666,1569.0,6.113145795994700,1
634,SP_15,37,Male,Simile,5,3,3,1,2,14,1204,0.0,0.0,1
635,SP_15,37,Male,Simile,5,3,3,1,2,15,,,,2
636,SP_15,37,Male,Simile,5,3,3,1,2,16,,,,2
637,SP_15,37,Male,Simile,5,3,3,1,2,17,,,,2
638,SP_15,37,Male,Simile,5,3,3,1,2,18,,,,2
639,SP_15,37,Male,Simile,5,3,3,1,2,19,1233,0.0,0.0,2
640,MP_18,38,Female,Metaphorical,3,5,5,2,5,0,3785,2817.0,74.42536327608980,0
641,MP_18,38,Female,Metaphorical,3,5,5,2,5,1,12713,11427.0,89.8843703295839,0
642,MP_18,38,Female,Metaphorical,3,5,5,2,5,2,11067,6964.0,62.925815487485300,0
643,MP_18,38,Female,Metaphorical,3,5,5,2,5,3,15434,14453.0,93.64390307114160,0
644,MP_18,38,Female,Metaphorical,3,5,5,2,5,4,7999,7523.0,94.04925615701960,0
645,MP_18,38,Female,Metaphorical,3,5,5,2,5,5,8376,7747.0,92.4904489016237,1
646,MP_18,38,Female,Metaphorical,3,5,5,2,5,6,4495,4151.0,92.34705228031150,1
647,MP_18,38,Female,Metaphorical,3,5,5,2,5,7,34677,33031.0,95.25333794734260,1
648,MP_18,38,Female,Metaphorical,3,5,5,2,5,8,20374,20338.0,99.82330421124960,1
649,MP_18,38,Female,Metaphorical,3,5,5,2,5,9,15785,9480.0,60.05701615457710,1
650,MP_18,38,Female,Metaphorical,3,5,5,2,5,10,2093,1061.0,50.692785475394200,1
651,MP_18,38,Female,Metaphorical,3,5,5,2,5,11,7368,7037.0,95.50760043431050,1
652,MP_18,38,Female,Metaphorical,3,5,5,2,5,12,17138,15007.0,87.56564359901970,1
653,MP_18,38,Female,Metaphorical,3,5,5,2,5,13,12434,8244.0,66.30207495576640,1
654,MP_18,38,Female,Metaphorical,3,5,5,2,5,14,5091,3677.0,72.22549597328620,1
655,MP_18,38,Female,Metaphorical,3,5,5,2,5,15,7338,5636.0,76.80566911965110,2
656,MP_18,38,Female,Metaphorical,3,5,5,2,5,16,14893,13899.0,93.32572349425910,2
657,MP_18,38,Female,Metaphorical,3,5,5,2,5,17,21858,17706.0,81.00466648366730,2
658,MP_18,38,Female,Metaphorical,3,5,5,2,5,18,16870,13990.0,82.92827504445760,2
659,MP_18,38,Female,Metaphorical,3,5,5,2,5,19,9809,5525.0,56.32582322357020,2
660,MP_19,39,Male,Metaphorical,10,3,2,1,3,0,3783,1686.0,44.567803330689900,0
661,MP_19,39,Male,Metaphorical,10,3,2,1,3,1,4827,3773.0,78.16449140252750,0
662,MP_19,39,Male,Metaphorical,10,3,2,1,3,2,,,,0
663,MP_19,39,Male,Metaphorical,10,3,2,1,3,3,1611,0.0,0.0,0
664,MP_19,39,Male,Metaphorical,10,3,2,1,3,4,,,,0
665,MP_19,39,Male,Metaphorical,10,3,2,1,3,5,4592,0.0,0.0,1
666,MP_19,39,Male,Metaphorical,10,3,2,1,3,6,,,,1
667,MP_19,39,Male,Metaphorical,10,3,2,1,3,7,,,,1
668,MP_19,39,Male,Metaphorical,10,3,2,1,3,8,,,,1
669,MP_19,39,Male,Metaphorical,10,3,2,1,3,9,1024,0.0,0.0,1
670,MP_19,39,Male,Metaphorical,10,3,2,1,3,10,3123,0.0,0.0,1
671,MP_19,39,Male,Metaphorical,10,3,2,1,3,11,3123,,,1
672,MP_19,39,Male,Metaphorical,10,3,2,1,3,12,2734,0.0,0.0,1
673,MP_19,39,Male,Metaphorical,10,3,2,1,3,13,1066,125.0,11.726078799249500,1
674,MP_19,39,Male,Metaphorical,10,3,2,1,3,14,7028,0.0,0.0,1
675,MP_19,39,Male,Metaphorical,10,3,2,1,3,15,9911,0.0,0.0,2
676,MP_19,39,Male,Metaphorical,10,3,2,1,3,16,25928,0.0,0.0,2
677,MP_19,39,Male,Metaphorical,10,3,2,1,3,17,6360,0.0,0.0,2
678,MP_19,39,Male,Metaphorical,10,3,2,1,3,18,24279,0.0,0.0,2
679,MP_19,39,Male,Metaphorical,10,3,2,1,3,19,3203,0.0,0.0,2
680,MP_20,40,Female,Metaphorical,4,4,4,1,2,0,3783,1686,44.5678033306899,0
681,MP_20,40,Female,Metaphorical,4,4,4,1,2,1,4827,3773,78.1644914025274,0
682,MP_20,40,Female,Metaphorical,4,4,4,1,2,2,,,,0
683,MP_20,40,Female,Metaphorical,4,4,4,1,2,3,1611,0,0,0
684,MP_20,40,Female,Metaphorical,4,4,4,1,2,4,,,,0
685,MP_20,40,Female,Metaphorical,4,4,4,1,2,5,4592,0,0,1
686,MP_20,40,Female,Metaphorical,4,4,4,1,2,6,,,,1
687,MP_20,40,Female,Metaphorical,4,4,4,1,2,7,,,,1
688,MP_20,40,Female,Metaphorical,4,4,4,1,2,8,,,,1
689,MP_20,40,Female,Metaphorical,4,4,4,1,2,9,1024,0,0,1
690,MP_20,40,Female,Metaphorical,4,4,4,1,2,10,3123,0,0,1
691,MP_20,40,Female,Metaphorical,4,4,4,1,2,11,,,,1
692,MP_20,40,Female,Metaphorical,4,4,4,1,2,12,2734,0,0,1
693,MP_20,40,Female,Metaphorical,4,4,4,1,2,13,1066,125,11.7260787992495,1
694,MP_20,40,Female,Metaphorical,4,4,4,1,2,14,7028,0,0,1
695,MP_20,40,Female,Metaphorical,4,4,4,1,2,15,9911,0,0,2
696,MP_20,40,Female,Metaphorical,4,4,4,1,2,16,25928,0,0,2
697,MP_20,40,Female,Metaphorical,4,4,4,1,2,17,6360,0,0,2
698,MP_20,40,Female,Metaphorical,4,4,4,1,2,18,24279,0,0,2
699,MP_20,40,Female,Metaphorical,4,4,4,1,2,19,3203,0,0,2